Dataset,Model,Accuracy,Precision,Sensitivity,F1 Score,Specificity
univariate,,,,,,
,Logistic Regression,0.7412587412587412,0.75,0.6190476190476191,0.6782608695652174,0.8375
,Decision Tree,0.7482517482517482,0.7454545454545455,0.6507936507936508,0.6949152542372882,0.825
,Random Forest,0.7692307692307693,0.8,0.6349206349206349,0.7079646017699115,0.875
,Gradient Boosting,0.7692307692307693,0.8,0.6349206349206349,0.7079646017699115,0.875
,Neural Network,0.7552447552447552,0.78,0.6190476190476191,0.6902654867256637,0.8625
